Name,Email Address,Telephone Number,Website
Coy Kunde,,0800 382630,mills.net
Domenick Rau,domenick_rau@bashirianarmstrong.biz,01139 23402,
,fahey_shane@prohaskadickens.co,01537 23495,koepp.info
Cordia Borer,cordia.borer@murazik.io,01686 08200,https://harvey.biz
Tristån Gaylord,triston_gaylord@runolfon.org,0121 031 8172,turcotte.org
Holly Fritsch,someone@harvey.io,,williamsonebert.co
Dianna Parisian,dianna.parisian@deckow.info,0367 157 8244,www.spencer.name
Christopher Kløcko,christopher.klocko@leschschaden.co,01352 77789,http://bergesenger.name
Harmon Blanda,someone@harvey.io,01592 100837,cain.biz
Gonzalo Rempel,gonzalo.rempel@schuppe.io,055 4723 5269,reilly.io
